City_ID,City,Lat,Lng,Max Temp,Humidity,Cloudiness,Wind Speed,Country,Date
0,puerto natales,-51.7236,-72.4875,6.25,56,75,7.2,CL,1686508928
1,north bend,43.4065,-124.2243,22.91,72,0,6.17,US,1686508928
2,trenggalek,-8.05,111.7167,23.24,96,100,0.64,ID,1686508928
3,clarence-rockland,45.5501,-75.291,25.12,68,100,1.93,CA,1686508643
4,turpan,42.9333,89.1667,37.56,11,2,5.23,CN,1686508757
5,ribeira grande,38.5167,-28.7,20.22,77,40,4.12,PT,1686508928
6,adamstown,-25.066,-130.1015,20.79,60,2,6.94,PN,1686508928
7,poronaysk,49.2167,143.1167,9.67,98,100,0.76,RU,1686508929
8,selfoss,63.9331,-20.9971,10.0,68,79,6.56,IS,1686508929
9,kalmunai,7.4167,81.8167,27.67,80,95,2.86,LK,1686508929
10,bethel,41.3712,-73.414,29.64,51,0,4.12,US,1686508929
11,iqaluit,63.7506,-68.5145,6.85,70,100,2.06,CA,1686508930
12,yellowknife,62.456,-114.3525,7.29,87,100,9.77,CA,1686508930
13,waitangi,-43.9535,-176.5597,9.9,78,100,5.05,NZ,1686508930
14,kingston,17.997,-76.7936,32.36,71,20,9.26,JM,1686508930
15,middleton,53.55,-2.2,23.02,86,96,2.08,GB,1686508930
16,aleksandrov gay,50.147,48.5704,19.56,59,100,10.59,RU,1686508930
17,ilulissat,69.2167,-51.1,1.01,93,100,1.54,GL,1686508931
18,lata,40.1629,-8.3327,22.73,67,100,2.38,PT,1686508931
19,port lincoln,-34.7333,135.8667,12.52,67,4,7.18,AU,1686508931
20,santana,-0.0583,-51.1817,32.1,66,20,5.14,BR,1686508931
21,albany,42.6001,-73.9662,28.12,46,100,2.09,US,1686508782
22,anadyr,64.75,177.4833,4.28,93,100,4.0,RU,1686508931
23,saipan,15.1355,145.701,27.39,100,40,5.14,MP,1686508932
24,vorgashor,67.5833,63.95,0.89,78,100,8.95,RU,1686508932
25,west island,-12.1568,96.8225,26.99,69,100,10.77,CC,1686508932
26,tobruk,32.0836,23.9764,22.03,72,5,3.23,LY,1686508932
27,ushuaia,-54.8,-68.3,0.81,80,100,8.23,AR,1686508932
28,bredasdorp,-34.5322,20.0403,13.05,89,100,3.1,ZA,1686508933
29,jamestown,42.097,-79.2353,25.85,38,75,3.6,US,1686508793
30,san patricio,28.017,-97.5169,36.2,32,0,4.71,US,1686508933
31,tiksi,71.6872,128.8694,-0.59,98,100,7.07,RU,1686508907
32,fale old settlement,-9.3852,-171.2468,28.46,78,100,6.51,TK,1686508933
33,grytviken,-54.2811,-36.5092,-2.07,86,69,5.38,GS,1686508933
34,badger,64.8,-147.5333,17.51,38,20,8.23,US,1686508933
35,georgetown,5.4112,100.3354,28.96,87,20,0.51,MY,1686508740
36,aasiaat,68.7098,-52.8699,1.32,96,100,4.75,GL,1686508934
37,balsas,-7.5325,-46.0356,34.31,32,33,2.59,BR,1686508934
38,baglung,28.2719,83.5898,22.91,59,4,2.16,NP,1686508934
39,kavaratti,10.5669,72.642,29.67,77,100,9.55,IN,1686508934
40,aso,32.9551,131.0967,18.32,87,100,1.37,JP,1686508935
41,port-aux-francais,-49.35,70.2167,5.37,87,100,17.83,TF,1686508935
42,qaqortoq,60.7167,-46.0333,6.33,70,4,3.06,GL,1686508474
43,coquimbo,-29.9533,-71.3436,14.85,67,0,5.66,CL,1686508393
44,hithadhoo,-0.6,73.0833,28.64,71,9,2.3,MV,1686508936
45,portland,45.5234,-122.6762,24.44,61,20,3.6,US,1686508487
46,kailua-kona,19.6406,-155.9956,26.82,83,20,3.09,US,1686508937
47,sisimiut,66.9395,-53.6735,2.76,90,78,8.25,GL,1686508937
48,dock junction,31.2025,-81.5168,31.01,58,40,6.17,US,1686508937
49,axim,4.8699,-2.2405,25.56,77,100,4.33,GH,1686508938
50,fortuna,40.5982,-124.1573,15.92,90,75,5.14,US,1686508938
51,hawaiian paradise park,19.5933,-154.9731,23.83,96,100,2.06,US,1686508938
52,moyynkum,44.2914,72.9469,25.92,19,99,10.37,KZ,1686508938
53,atafu village,-8.5421,-172.5159,28.85,75,100,6.9,TK,1686508938
54,roxas,11.5853,122.7511,23.97,87,100,2.82,PH,1686508939
55,blackmans bay,-43.0167,147.3167,8.74,89,100,2.75,AU,1686508939
56,invercargill,-46.4,168.35,8.18,86,100,4.06,NZ,1686508939
57,martapura,-3.4167,114.85,26.05,100,100,1.54,ID,1686508939
58,novoural'sk,57.2439,60.0839,4.25,70,0,1.81,RU,1686508939
59,manado,1.487,124.8455,24.43,100,20,0.51,ID,1686508940
60,murashi,59.3999,48.9615,4.47,77,9,2.47,RU,1686508940
61,guane,22.2025,-84.0875,32.74,56,19,4.99,CU,1686508940
62,vernon,50.2581,-119.2691,25.06,59,79,1.54,CA,1686508941
63,sandnessjoen,66.0217,12.6316,13.29,93,75,4.63,NO,1686508941
64,bilibino,68.0546,166.4372,15.56,60,100,2.11,RU,1686508941
65,haiku-pauwela,20.9219,-156.3051,26.76,57,20,7.72,US,1686508941
66,vilyuchinsk,52.9306,158.4028,7.15,70,3,3.65,RU,1686508942
67,smithers,54.7804,-127.1743,18.18,42,20,3.6,CA,1686508942
68,saldanha,-33.0117,17.9442,13.03,89,100,5.86,ZA,1686508942
69,bimbo,4.2567,18.4158,26.96,78,20,1.03,CF,1686508942
70,olonkinbyen,70.9221,-8.7187,1.66,95,100,6.44,SJ,1686508942
71,stanley,54.868,-1.6985,20.41,77,0,3.09,GB,1686508942
72,uturoa,-16.7333,-151.4333,26.68,63,23,6.93,PF,1686508943
73,mount isa,-20.7333,139.5,9.87,71,0,0.0,AU,1686508943
74,margaret river,-33.95,115.0667,13.68,60,100,6.61,AU,1686508943
75,karak city,31.1637,35.762,20.13,47,6,4.55,JO,1686508943
76,longyearbyen,78.2186,15.6401,3.91,81,75,8.23,SJ,1686508943
77,carnarvon,-24.8667,113.6333,16.91,62,0,8.81,AU,1686508944
78,la'ie,21.6477,-157.9253,26.98,72,30,3.13,US,1686508944
79,vilyuysk,63.7553,121.6247,8.63,68,100,4.63,RU,1686508944
80,keflavik,64.0049,-22.5624,9.95,71,100,8.23,IS,1686508944
81,el granada,37.5027,-122.4694,23.37,75,75,4.63,US,1686508944
82,nemuro,43.3236,145.575,11.63,99,100,4.28,JP,1686508944
83,mount gambier,-37.8333,140.7667,9.26,76,33,4.08,AU,1686508945
84,newman,37.3138,-121.0208,26.12,32,25,2.24,US,1686508945
85,afaahiti,-17.75,-149.2833,24.93,71,96,7.6,PF,1686508945
86,kristiansund,63.1115,7.732,19.03,59,0,1.03,NO,1686508945
87,enewetak,11.3474,162.3373,27.78,80,97,8.0,MH,1686508945
88,bamboo flat,11.7,92.7167,26.05,89,75,1.03,IN,1686508946
89,palmer,42.1584,-72.3287,28.15,36,75,3.6,US,1686508946
90,itoman,26.1247,127.6694,26.21,94,75,2.06,JP,1686508946
91,helena valley west central,46.6629,-112.0604,22.58,55,0,2.57,US,1686508946
92,takaungu,-3.6837,39.8566,26.27,86,94,4.83,KE,1686508946
93,chilecito,-29.1619,-67.4974,9.39,35,0,3.6,AR,1686508947
94,chonchi,-42.6128,-73.8092,9.51,84,100,1.79,CL,1686508947
95,hermanus,-34.4187,19.2345,13.78,88,100,8.45,ZA,1686508947
96,shingu,33.7333,135.9833,21.22,97,100,1.43,JP,1686508947
97,utrik,11.2278,169.8474,27.49,79,89,7.05,MH,1686508948
98,sinabang,2.4803,96.3801,26.74,84,87,1.03,ID,1686508948
99,mingshui,36.7167,117.5,18.68,78,9,1.88,CN,1686508948
100,kisangani,0.5167,25.2,22.4,93,100,1.02,CD,1686508948
101,constantia,44.1833,28.65,17.61,80,95,2.84,RO,1686508948
102,guerrero negro,27.9769,-114.0611,20.65,50,0,7.08,MX,1686508949
103,bereznik,62.8551,42.7072,7.91,70,87,1.52,RU,1686508949
104,pangai,-19.8,-174.35,24.06,73,75,3.09,TO,1686508949
105,guarapari,-20.6667,-40.4975,28.83,76,27,4.15,BR,1686508949
106,southbridge,42.0751,-72.0334,28.57,48,100,2.16,US,1686508949
107,nema,57.5067,50.5011,6.01,72,0,2.06,RU,1686508949
108,tonghua,41.7201,125.9219,10.34,93,98,1.04,CN,1686508950
109,mogok,22.9167,96.5,18.72,91,99,1.52,MM,1686508950
110,vila franca do campo,37.7167,-25.4333,20.23,67,100,3.26,PT,1686508950
111,nizhniy kuranakh,58.8353,125.4869,16.04,80,75,0.99,RU,1686508950
112,avarua,-21.2078,-159.775,22.03,100,4,0.51,CK,1686508950
113,tura,25.5198,90.2201,23.8,93,98,2.08,IN,1686508951
114,puerto carreno,6.189,-67.4859,29.99,74,40,1.03,CO,1686508951
115,kodiak,57.79,-152.4072,7.73,93,100,6.17,US,1686508951
116,utete,-7.986,38.758,20.87,91,17,1.69,TZ,1686508951
117,roma,43.2128,-75.4557,28.86,46,0,3.09,US,1686508883
118,yelizavetinskaya,45.0445,38.7958,21.07,63,84,1.85,RU,1686508951
119,peace river,56.2501,-117.286,22.17,40,75,2.06,CA,1686508952
120,zheleznogorsk-ilimskiy,56.5768,104.1217,7.55,74,6,2.72,RU,1686508952
121,alta,69.9689,23.2717,17.59,39,40,5.66,NO,1686508952
122,kale,50.9581,1.8521,21.65,97,73,5.36,FR,1686508952
123,eureka,40.8021,-124.1637,24.82,81,100,1.34,US,1686508952
124,medicine hat,50.0501,-110.6683,27.62,33,75,3.6,CA,1686508768
125,vorkuta,67.5,64.0,1.23,77,100,9.04,RU,1686508952
126,kanzakimachi-kanzaki,33.3,130.3667,22.98,88,100,1.06,JP,1686508953
127,port shepstone,-30.7414,30.455,16.66,75,0,3.62,ZA,1686508953
128,petropavlovsk-kamchatsky,53.0452,158.6483,6.33,76,0,4.0,RU,1686508953
129,talcahuano,-36.7167,-73.1167,10.82,54,0,3.09,CL,1686508953
130,bani walid,31.7566,13.9942,23.78,62,0,8.54,LY,1686508953
131,colonia,50.9333,6.95,28.13,30,0,3.09,DE,1686508769
132,zhangjiakou,40.81,114.8794,14.76,56,42,2.86,CN,1686508756
133,arraial do cabo,-22.9661,-42.0278,30.98,35,0,2.57,BR,1686508954
134,forster,-32.1667,152.5167,10.74,88,76,2.56,AU,1686508954
135,nova sintra,14.8667,-24.7167,22.27,83,6,10.4,CV,1686508954
136,labuan,5.2767,115.2417,27.2,78,20,1.03,MY,1686508954
137,gizo,-8.103,156.8419,27.36,80,23,2.5,SB,1686508954
138,atherton,53.5237,-2.4935,23.19,94,99,1.89,GB,1686508954
139,port elizabeth,-33.918,25.5701,13.51,95,0,1.03,ZA,1686508955
140,nar'yan-mar,67.6713,53.087,3.48,61,100,4.45,RU,1686508955
141,okha,53.5739,142.9478,5.19,93,98,1.91,RU,1686508955
142,edinburgh of the seven seas,-37.0676,-12.3116,16.55,77,62,12.53,SH,1686508955
143,nishon tumani,38.694,65.6751,29.14,32,0,1.03,UZ,1686508955
144,yacuiba,-22.038,-63.6797,11.45,45,100,3.84,BO,1686508955
145,wailua homesteads,22.0669,-159.378,25.44,79,20,5.14,US,1686508956
146,cao lanh,10.45,105.6333,24.97,89,100,2.36,VN,1686508956
147,tazovsky,67.4667,78.7,8.05,97,100,2.65,RU,1686508956
148,kumasi,6.6885,-1.6244,21.78,98,68,1.46,GH,1686508956
149,yesilhisar,38.3497,35.0867,14.72,86,82,1.15,TR,1686508956
150,aykhal,66.0,111.5,-0.1,96,100,7.91,RU,1686508956
151,pisco,-13.7,-76.2167,23.03,60,75,4.63,PE,1686508662
152,touros,-5.1989,-35.4608,26.25,83,26,4.76,BR,1686508957
153,fisterra,42.9049,-9.2629,21.68,87,3,4.01,ES,1686508957
154,charters towers,-20.1,146.2667,16.24,87,23,3.82,AU,1686508957
155,argostolion,38.1811,20.489,23.04,78,20,4.63,GR,1686508957
156,sorada,19.75,84.4333,34.45,30,100,1.55,IN,1686508957
157,ashta,23.0167,76.7167,33.37,32,20,5.37,IN,1686508958
158,papatowai,-46.5619,169.4708,8.68,83,71,4.8,NZ,1686508961
159,rudnya,54.947,31.0934,9.35,64,0,3.64,RU,1686508961
160,katsuura,35.1333,140.3,21.01,95,100,0.96,JP,1686508916
161,luderitz,-26.6481,15.1594,12.78,84,0,2.15,NA,1686508961
162,talnakh,69.4865,88.3972,9.56,62,100,4.82,RU,1686508961
163,college,64.8569,-147.8028,17.55,37,75,8.23,US,1686508962
164,tazacorte,28.629,-17.9293,24.53,86,20,1.79,ES,1686508962
165,celestun,20.8667,-90.4,31.93,61,4,5.65,MX,1686508962
166,baoshan,46.5586,131.4244,14.78,83,100,1.2,CN,1686508962
167,tolanaro,-25.0319,46.9987,20.04,83,20,0.0,MG,1686508962
168,villa regina,-39.1,-67.0667,12.24,21,0,4.93,AR,1686508962
169,klyuchi,52.2667,79.1667,15.13,62,0,2.56,RU,1686508962
170,hamilton,39.1834,-84.5333,23.18,88,75,5.14,US,1686508691
171,yuzhno-kurilsk,44.0306,145.8556,11.26,99,100,3.63,RU,1686508963
172,isafjordur,66.0755,-23.124,10.24,58,11,8.93,IS,1686508963
173,tevriz,57.509,72.4042,10.33,92,100,2.73,RU,1686508963
174,villamontes,-21.25,-63.5,14.07,43,100,4.1,BO,1686508963
175,wewak,-3.5534,143.6268,26.21,87,100,2.97,PG,1686508963
176,zeya,53.75,127.2667,16.27,70,35,1.31,RU,1686508964
177,elsterwerda,51.45,13.5333,24.92,61,83,3.16,DE,1686508964
178,lihue,21.9789,-159.3672,25.77,73,20,5.14,US,1686508964
179,napili-honokowai,20.9708,-156.6705,27.39,85,0,6.55,US,1686508964
180,jaguaruna,-28.615,-49.0256,14.37,94,100,4.3,BR,1686508959
181,tahe,52.3333,124.7333,13.41,73,55,1.61,CN,1686508964
182,igarka,67.4667,86.5833,11.6,42,100,9.24,RU,1686508965
183,mossendjo,-2.9506,12.7261,21.52,97,49,1.33,CG,1686508965
184,san rafael del yuma,18.4299,-68.6739,33.11,53,16,5.72,DO,1686508965
185,patong,7.8961,98.2966,25.08,81,99,4.43,TH,1686508965
186,flying fish cove,-10.4217,105.6791,24.82,94,100,4.12,CX,1686508965
187,susuman,62.7833,148.1667,15.18,53,19,1.27,RU,1686508965
188,lompoc,34.6391,-120.4579,20.29,75,100,3.09,US,1686508966
189,bolkhov,53.4433,36.0044,12.68,61,100,5.48,RU,1686508966
190,taco pozo,-25.6167,-63.2833,14.24,24,100,3.94,AR,1686508966
191,bambari,5.768,20.6757,26.34,64,95,0.92,CF,1686508966
192,kununurra,-15.7667,128.7333,16.99,94,94,0.0,AU,1686508966
193,udachny,66.4167,112.4,0.25,100,100,6.62,RU,1686508966
194,verkhnevilyuysk,63.4453,120.3167,7.56,66,100,4.57,RU,1686508967
195,saint-pierre,-21.3393,55.4781,21.82,73,0,2.57,RE,1686508967
196,fort bragg,35.139,-79.006,32.12,36,40,3.6,US,1686508967
197,saint-philippe,-21.3585,55.7679,21.77,82,38,4.87,RE,1686508967
198,puerto ayora,-0.7393,-90.3518,31.98,72,82,5.99,EC,1686508967
199,ust-nera,64.5667,143.2,15.75,63,100,4.17,RU,1686508967
200,nyandoma,61.669,40.1991,7.93,67,34,1.96,RU,1686508968
201,cunen,15.3375,-91.0269,27.78,27,51,2.42,GT,1686508968
202,boyolangu,-8.1181,111.8935,23.57,93,100,1.05,ID,1686508968
203,zlatni pyasatsi,43.285,28.0418,20.31,84,1,2.06,BG,1686508968
204,bol'sherech'ye,56.0925,74.6272,13.46,96,89,3.53,RU,1686508968
205,pangody,65.85,74.4859,7.84,74,59,4.2,RU,1686508968
206,whitehorse,60.7161,-135.0538,13.94,43,75,6.17,CA,1686508699
207,manokwari,-0.8667,134.0833,25.65,83,100,1.71,ID,1686508969
208,troitskoye,52.9821,84.6757,11.42,94,2,2.5,RU,1686508969
209,puerto baquerizo moreno,-0.9,-89.6,28.55,74,40,7.2,EC,1686508809
210,tarakan,3.3,117.6333,27.16,78,100,0.74,ID,1686508969
211,awjilah,29.1081,21.2869,31.14,30,2,4.43,LY,1686508969
212,ylitornio,66.3089,23.6773,14.9,46,100,4.69,FI,1686508970
213,victoriaville,46.0501,-71.9658,22.69,54,93,2.84,CA,1686508688
214,edmundston,47.3737,-68.3251,23.19,42,20,3.6,CA,1686508886
215,jieshi,22.8134,115.8257,26.52,87,100,3.9,CN,1686508970
216,penzance,50.1186,-5.5371,18.76,91,51,3.84,GB,1686508970
217,big bend,-26.8167,31.9333,15.94,81,0,1.12,SZ,1686508970
218,lorengau,-2.0226,147.2712,27.47,79,43,3.21,PG,1686508970
219,rongelap,11.1635,166.8941,27.67,81,100,7.64,MH,1686508971
220,namibe,-15.1961,12.1522,19.13,74,58,4.58,AO,1686508971
221,rensselaer,42.7168,-73.4829,27.04,42,100,1.76,US,1686508801
222,chernyshevsk,52.5243,117.0174,14.29,65,44,0.88,RU,1686508971
223,broken hill,-31.95,141.4333,10.6,58,7,2.9,AU,1686508971
224,tindouf,27.6711,-8.1474,34.25,16,0,9.77,DZ,1686508971
225,amarante do maranhao,-5.5667,-46.7422,29.8,56,99,0.99,BR,1686508972
226,vancleave,30.5405,-88.6875,32.94,66,40,4.12,US,1686508972
227,jaguaribe,-5.8906,-38.6219,32.9,38,9,3.18,BR,1686508972
228,kharp,66.8014,65.8081,3.03,88,100,5.46,RU,1686508972
229,thompson,55.7435,-97.8558,25.09,36,75,6.69,CA,1686508972
230,kavieng,-2.5744,150.7967,27.74,80,16,4.54,PG,1686508972
231,huarmey,-10.0681,-78.1522,24.22,68,4,5.36,PE,1686508972
232,mishan,45.55,131.8833,14.07,94,92,2.11,CN,1686508973
233,sabha,27.0377,14.4283,36.98,13,52,5.67,LY,1686508973
234,valparaiso,-33.0393,-71.6273,15.0,63,0,3.6,CL,1686508973
235,sanliurfa,37.2128,38.7817,25.93,43,99,5.25,TR,1686508973
236,mount pearl,47.5166,-52.7813,7.14,96,100,6.17,CA,1686508973
237,namtsy,62.7161,129.6658,17.52,94,100,1.42,RU,1686508973
238,manay,7.215,126.5397,25.85,84,31,2.49,PH,1686508974
239,nongstoin,25.5167,91.2667,17.9,97,90,1.77,IN,1686508974
240,zaozersk,69.4005,32.4476,15.14,55,100,2.71,RU,1686508974
241,east london,-33.0153,27.9116,16.52,63,0,2.57,ZA,1686508974
242,barah,13.7,30.3667,28.47,56,78,4.39,SD,1686508930
243,fort mcmurray,56.7268,-111.381,23.77,53,0,3.09,CA,1686508974
244,ciudad satelite,19.5167,-99.25,28.28,29,95,3.19,MX,1686508974
245,usinsk,65.9939,57.5281,1.36,84,15,4.42,RU,1686508975
246,fort-de-france,14.6089,-61.0733,30.97,66,75,9.77,MQ,1686508753
247,mahina,-17.5065,-149.489,25.87,69,20,1.03,PF,1686508975
248,sant lluis,39.8526,4.2594,25.22,65,0,1.03,ES,1686508975
249,mumford,5.2618,-0.759,26.2,77,100,4.45,GH,1686508975
250,port alfred,-33.5906,26.891,18.77,44,3,4.21,ZA,1686508975
251,panglao,9.5781,123.7458,28.73,74,89,3.01,PH,1686508976
252,gryazi,52.4966,39.9359,15.34,65,100,6.88,RU,1686508976
253,iskateley,67.6803,53.1512,3.39,61,100,4.43,RU,1686508976
254,pechora,65.1472,57.2244,3.31,87,90,4.23,RU,1686508976
255,new ulm,44.3125,-94.4605,19.68,38,0,5.14,US,1686508911
256,mhamid,29.82,-5.72,36.0,8,0,3.52,MA,1686508976
257,sao joao do piaui,-8.3581,-42.2467,34.67,27,3,4.23,BR,1686508976
258,lerwick,60.1545,-1.1494,12.0,90,100,5.07,GB,1686508977
259,narvik,68.4384,17.4272,10.21,83,100,4.06,NO,1686508977
260,ngorongoro,-3.2397,35.4875,11.83,54,33,1.33,TZ,1686508977
261,nova vicosa,-17.8919,-39.3719,25.52,72,49,5.13,BR,1686508977
262,salekhard,66.53,66.6019,3.98,88,100,5.72,RU,1686508977
263,port mathurin,-19.6833,63.4167,25.03,70,4,9.16,MU,1686508977
264,san carlos,9.6612,-68.5827,28.12,79,100,1.89,VE,1686508978
265,eyl,7.9803,49.8164,26.31,81,100,10.86,SO,1686508978
266,east ballina,-28.8667,153.5833,11.0,90,3,2.21,AU,1686508978
267,cabo san lucas,22.8909,-109.9124,33.67,35,0,4.63,MX,1686508978
268,lebu,-37.6167,-73.65,9.84,65,5,9.81,CL,1686508978
269,kuanda,56.3161,116.0806,19.84,47,96,1.1,RU,1686508978
270,kovdor,67.5662,30.4758,16.86,54,98,4.97,RU,1686508979
271,ketchikan,55.3422,-131.6461,15.26,67,20,3.09,US,1686508979
272,hede,33.7681,120.2517,19.25,84,99,2.41,CN,1686508979
273,punta arenas,-53.15,-70.9167,4.06,75,75,8.75,CL,1686508946
274,cooper's town,26.8667,-77.5167,28.56,67,3,4.85,BS,1686508979
275,ranchettes,41.2186,-104.7903,15.27,73,100,4.63,US,1686508979
276,miyang,24.4042,103.4428,20.77,75,100,0.67,CN,1686508980
277,ugoofaaru,5.6667,73.0,28.65,80,39,6.35,MV,1686508980
278,bantay,17.5847,120.3892,25.57,88,98,5.43,PH,1686508980
279,tabas,33.5959,56.9244,32.78,16,100,2.26,IR,1686508980
280,wanning,18.8003,110.3967,26.06,92,100,2.13,CN,1686508980
281,crane,31.3974,-102.3501,36.02,14,0,1.86,US,1686508980
282,sandefjord,59.1312,10.2167,20.45,28,0,3.6,NO,1686508981
283,syriam,16.7722,96.2378,25.06,100,100,0.0,MM,1686508981
284,elliot lake,46.3834,-82.6331,15.36,55,100,3.62,CA,1686508981
285,barra do bugres,-15.0725,-57.1811,34.56,32,4,1.37,BR,1686508982
286,acarau,-2.8856,-40.12,28.35,73,8,7.43,BR,1686508983
287,mwene-ditu,-7.0,23.45,22.86,38,19,1.16,CD,1686508983
288,duong dong,10.2167,103.9667,28.0,78,40,6.69,VN,1686508983
289,coro,11.4045,-69.6734,31.33,64,100,10.03,VE,1686508983
290,goderich,43.7501,-81.7165,14.39,88,100,5.14,CA,1686508884
291,zouerate,22.7187,-12.4521,33.91,18,0,6.47,MR,1686508984
292,mejit,10.2753,170.8646,27.61,82,32,7.19,MH,1686508984
293,walvis bay,-22.9575,14.5053,13.38,93,0,2.06,NA,1686508984
294,al jawf,29.5,38.75,30.57,22,0,4.12,SA,1686508984
295,launceston,-41.45,147.1667,9.63,93,100,2.06,AU,1686508984
296,makubetsu,45.3714,141.8211,12.58,98,18,5.46,JP,1686508985
297,vitebsk,55.1905,30.2033,9.87,63,1,3.39,BY,1686508985
298,falam,22.9167,93.6833,16.46,95,28,1.26,MM,1686508985
299,cheremukhovo,60.3484,59.9851,3.47,70,8,2.92,RU,1686508985
300,giresun,40.5,38.5,8.25,85,100,0.67,TR,1686508985
301,snowflake,34.5134,-110.0785,27.18,11,0,11.04,US,1686508986
302,dolores,-36.3132,-57.6792,9.6,48,0,5.26,AR,1686508986
303,komsomolets,53.7453,62.0708,11.53,74,100,3.78,KZ,1686508986
304,ust'-kulom,61.6864,53.6902,2.63,76,13,2.05,RU,1686508986
305,ulsteinvik,62.3432,5.8487,20.5,45,100,4.47,NO,1686508986
306,beloyarskiy,63.7119,66.6722,3.86,97,100,4.84,RU,1686508986
307,fada n'gourma,12.0622,0.3578,30.79,51,63,6.52,BF,1686508987
308,harper,4.375,-7.7169,25.71,80,100,5.87,LR,1686508987
309,modrany,50.0112,14.4096,22.31,45,0,5.14,CZ,1686508987
310,floro,61.5996,5.0328,21.04,55,0,2.06,NO,1686508987
311,shiguai,40.7058,110.2856,14.34,50,18,2.65,CN,1686508987
312,amga,60.8953,131.9608,13.47,78,98,2.09,RU,1686508988
313,fort st. john,56.2499,-120.8529,20.94,35,75,1.03,CA,1686508723
314,kolyvan',55.3053,82.7391,8.79,61,0,1.53,RU,1686508988
315,zefta,30.7142,31.2442,23.44,49,16,2.6,EG,1686508988
316,inhambane,-23.865,35.3833,20.33,73,0,2.88,MZ,1686508988
317,suileng,47.25,127.0833,15.06,88,100,2.15,CN,1686508988
318,kapuskasing,49.4169,-82.4331,12.05,50,75,5.14,CA,1686508988
319,vadso,70.0744,29.7487,20.49,50,0,3.09,NO,1686508989
320,hohhot,40.8106,111.6522,13.16,54,0,2.0,CN,1686508989
321,gunnison,38.7,-107.0673,17.47,24,100,2.29,US,1686508989
322,alaghsas,17.0187,8.0168,34.94,36,40,5.66,NE,1686508989
323,grand-bassam,5.2118,-3.7388,26.98,84,94,4.8,CI,1686508989
324,fedorovskiy,45.0972,40.9517,18.94,85,22,1.05,RU,1686508989
325,borgarnes,64.5383,-21.9206,11.56,78,48,6.12,IS,1686508990
326,nuuk,64.1835,-51.7216,4.34,93,100,7.72,GL,1686508990
327,gaspe,48.8334,-64.4819,23.12,40,20,4.12,CA,1686508974
328,clewiston,26.7542,-80.9337,37.22,43,42,1.61,US,1686508943
329,pandan,14.0453,124.1694,27.3,85,100,3.59,PH,1686508990
330,palangkaraya,-2.2,113.8333,23.35,99,81,0.86,ID,1686508990
331,alofi,-19.0595,-169.9187,22.94,94,96,4.12,NU,1686508991
332,hammerfest,70.6634,23.6821,10.25,81,75,11.32,NO,1686508722
333,kampung simpang renggam,1.8278,103.3,27.19,90,20,1.24,MY,1686508991
334,al fqih ben calah,32.5009,-6.6906,32.4,30,3,5.02,MA,1686508991
335,igbara-odo,7.5025,5.0626,21.75,98,100,2.03,NG,1686508991
336,griffith,41.5284,-87.4237,17.27,94,100,8.23,US,1686508991
337,carbonear,47.7332,-53.2148,7.86,92,100,7.63,CA,1686508992
338,new kingman-butler,35.265,-114.0323,25.58,13,0,6.17,US,1686508992
339,huilong,31.8111,121.655,20.0,93,99,2.4,CN,1686508879
340,hadibu,12.65,54.0333,28.18,78,99,7.33,YE,1686508992
341,terrace heights,46.6062,-120.4398,25.57,47,0,1.34,US,1686508992
342,prachuap khiri khan,12.2167,99.75,27.05,88,100,1.99,TH,1686508992
343,tekeli,44.83,78.8239,13.24,83,64,2.65,KZ,1686508992
344,dunedin,-45.8742,170.5036,6.56,80,4,3.46,NZ,1686508993
345,qax,41.4225,46.9242,21.55,63,0,2.47,AZ,1686508993
346,zempoala,19.45,-96.4167,33.28,56,21,4.43,MX,1686508993
347,kingisepp,59.3733,28.6134,10.36,58,8,1.76,RU,1686508993
348,kapa'a,22.0752,-159.319,26.18,79,20,5.14,US,1686508993
349,tavda,58.0425,65.2726,6.38,68,6,2.83,RU,1686508993
350,jijiga,9.35,42.8,17.86,80,74,2.52,ET,1686508994
351,punta cardon,11.6581,-70.215,30.02,66,79,12.64,VE,1686508994
352,mu'minobod,38.1085,70.0285,27.35,57,100,3.52,TJ,1686508994
353,mawu,29.5923,107.3139,22.3,70,100,1.24,CN,1686508994
354,mulchen,-37.7167,-72.2333,8.92,74,6,4.28,CL,1686508994
355,yerofey pavlovich,53.9667,121.9667,13.98,69,100,1.38,RU,1686508994
356,tvoroyri,61.5556,-6.8111,9.55,90,100,4.18,FO,1686508995
357,artesia,33.8658,-118.0831,21.67,71,100,4.63,US,1686508920
358,new glasgow,45.5834,-62.6486,13.88,67,44,5.65,CA,1686508995
359,sultanah,24.4926,39.5857,36.25,13,0,6.17,SA,1686508995
360,hacienda huancane,-15.8222,-70.8856,9.89,16,1,5.53,PE,1686508995
361,maintirano,-18.0667,44.0167,23.53,71,0,4.83,MG,1686508995
362,alice town,25.7167,-79.3,28.71,67,0,4.96,BS,1686508996
363,taoudenni,22.6783,-3.9836,39.58,9,0,4.16,ML,1686508996
364,nizhneangarsk,55.7833,109.55,11.92,92,100,1.63,RU,1686508996
365,kamaishi,39.2667,141.8833,16.68,96,100,3.28,JP,1686508996
366,abadeh,31.1608,52.6506,22.81,31,3,2.16,IR,1686508996
367,phon charoen,18.0333,103.1667,27.26,91,98,1.79,TH,1686508996
368,chui,-33.6971,-53.4616,13.24,40,50,4.2,UY,1686508997
369,parabel',58.6978,81.4825,16.08,46,60,7.42,RU,1686508997
370,hajjah,15.6943,43.6058,22.77,60,96,1.61,YE,1686508997
371,bikenibeu village,1.3673,173.1241,25.98,94,75,0.51,KI,1686508997
372,jalalabad,34.4265,70.4515,31.12,31,17,1.52,AF,1686508997
373,idrinskoye,54.3708,92.1358,10.56,62,100,2.12,RU,1686508998
374,marakkanam,12.2,79.95,28.79,72,100,6.28,IN,1686508998
375,weiser,44.251,-116.9693,28.51,48,100,0.89,US,1686508998
376,yamada,39.4667,141.95,16.56,98,100,2.21,JP,1686508998
377,mbamba bay,-11.2833,34.7667,23.17,66,8,2.38,TZ,1686508998
378,raja,8.4596,25.678,22.39,91,68,1.78,SS,1686508998
379,ribas do rio pardo,-20.4431,-53.7592,30.34,41,1,4.63,BR,1686508999
380,virac,13.6333,124.2167,24.08,84,100,4.55,PH,1686508999
381,djibouti,11.5,42.5,34.21,31,80,2.82,DJ,1686508999
382,chudovo,59.1167,31.6833,10.79,53,9,1.16,RU,1686508910
383,kyshtovka,56.555,76.6271,14.57,95,100,2.68,RU,1686508999
384,noyabrsk,63.1994,75.4507,6.35,81,10,5.0,RU,1686508999
385,ocean shores,46.9737,-124.1563,17.47,84,100,4.12,US,1686509000
386,salalah,17.0151,54.0924,31.05,79,75,3.09,OM,1686509000
387,tsiombe,-25.3,45.4833,18.07,86,0,1.75,MG,1686509000
388,thurso,58.5927,-3.5259,16.14,82,70,2.87,GB,1686509000
389,gucheng chengguanzhen,32.266,111.6348,22.07,90,100,0.46,CN,1686509000
390,singleton,-32.5667,151.1833,6.35,83,100,1.18,AU,1686509001
391,algeciras,36.1333,-5.4505,24.82,50,0,6.17,ES,1686509001
392,lagos,6.5833,3.75,27.18,88,100,1.89,NG,1686508338
393,margate,51.3813,1.3862,21.6,75,24,0.78,GB,1686508720
394,choele choel,-39.2667,-65.6833,11.47,23,0,4.5,AR,1686508805
395,porto novo,6.4965,2.6036,26.9,81,100,2.9,BJ,1686509001
396,belmonte,-15.8631,-38.8828,25.97,70,0,3.11,BR,1686509002
397,kijang,35.2442,129.2139,19.85,96,7,1.41,KR,1686509002
398,gokwe,-18.2048,28.9349,19.2,35,89,1.67,ZW,1686509002
399,ancud,-41.8697,-73.8203,8.42,74,50,0.81,CL,1686509002
400,qamdo,31.1667,97.2333,2.72,90,100,2.79,CN,1686509002
401,banda aceh,5.5577,95.3222,27.18,80,100,5.95,ID,1686509003
402,laascaanood,8.4774,47.3597,29.13,40,100,11.02,SO,1686509003
403,tepic,21.5,-104.9,30.72,42,0,0.0,MX,1686508986
404,buchanan,5.8808,-10.0467,25.44,87,86,3.08,LR,1686509003
405,ponta delgada,37.7333,-25.6667,20.4,73,20,5.14,PT,1686509003
406,sola,-13.8833,167.55,26.14,76,45,10.43,VU,1686509003
407,portage la prairie,49.9728,-98.2926,25.52,33,10,2.24,CA,1686509004
408,richards bay,-28.783,32.0377,18.53,87,0,4.08,ZA,1686509004
409,dudinka,69.4058,86.1778,9.79,50,100,6.9,RU,1686509005
410,new norfolk,-42.7826,147.0587,9.4,83,100,0.45,AU,1686509005
411,papao,-17.75,-149.55,25.82,72,99,8.49,PF,1686509006
412,holbrook,40.8123,-73.0784,26.59,67,75,4.63,US,1686509006
413,egilsstadir,65.2653,-14.3948,18.95,26,0,6.17,IS,1686509006
414,pimenta bueno,-11.6725,-61.1936,32.07,50,83,1.69,BR,1686509006
415,nadym,65.5333,72.5167,8.53,73,100,5.47,RU,1686509007
416,thunder bay,48.4001,-89.3168,17.95,32,20,4.12,CA,1686508976
417,inarajan village,13.2736,144.7484,27.54,83,75,6.37,GU,1686509007
418,chinde,26.8418,88.0763,19.12,89,98,1.67,NP,1686509007
419,viitasaari,63.0667,25.8667,15.11,50,16,3.66,FI,1686509007
420,hobyo,5.3505,48.5268,26.42,84,100,12.26,SO,1686509008
421,tobol'sk,58.2,68.2667,6.35,67,0,3.09,RU,1686509008
422,san paolo di civitate,41.7383,15.2602,23.31,85,0,2.59,IT,1686509008
423,san antonio de pale,-1.4014,5.6325,24.94,85,86,4.56,GQ,1686509008
424,fengcheng,40.4536,124.0717,13.32,89,28,0.34,CN,1686509009
425,betioky,-23.7167,44.3833,18.37,83,0,2.77,MG,1686509009
426,antsiranana,-12.2787,49.2917,22.99,86,0,3.94,MG,1686509009
427,inirida,3.8653,-67.9239,29.03,80,97,0.54,CO,1686509009
428,amos,48.5669,-78.1162,17.24,65,100,0.98,CA,1686508851
429,zhalantun,48.0,122.7167,15.96,75,65,2.57,CN,1686509010
430,tokonou,9.65,-9.7833,24.01,87,42,2.48,GN,1686509010
431,dakhla,23.6848,-15.958,24.01,73,0,8.75,EH,1686509010
432,dorado,18.4588,-66.2677,34.04,60,75,7.72,PR,1686508761
433,brisas de zicatela,15.8369,-97.0419,33.29,62,40,3.09,MX,1686509010
434,selizharovo,56.8519,33.4487,8.51,64,0,2.12,RU,1686509010
435,mochudi,-24.4167,26.15,14.33,31,0,1.72,BW,1686509011
436,cayambe,0.05,-78.1333,20.59,66,69,2.2,EC,1686509011
437,songyang,34.4553,113.0281,20.69,61,22,1.21,CN,1686509011
438,puerto aysen,-45.4,-72.7,5.77,99,100,1.98,CL,1686509011
439,graham,47.0529,-122.2943,18.96,73,100,4.63,US,1686509011
440,st. john's,47.5649,-52.7093,7.6,96,100,6.17,CA,1686508867
441,belgrade,44.804,20.4651,20.19,89,20,3.6,RS,1686509011
442,mil'kovo,55.6078,37.7956,13.27,63,92,4.3,RU,1686509012
443,weyburn,49.6668,-103.8511,22.12,30,38,4.12,CA,1686509012
444,broome,42.2506,-75.833,28.99,36,0,4.12,US,1686509012
445,claveria,18.6074,121.0832,26.76,78,94,3.14,PH,1686509012
446,tchintabaraden,15.8969,5.7985,33.74,38,28,4.88,NE,1686509012
447,burang,30.25,81.1667,5.57,82,28,2.02,CN,1686509012
448,siwa oasis,29.2041,25.5195,31.4,27,54,3.5,EG,1686509013
449,xuddur,4.1213,43.8894,26.24,59,93,7.85,SO,1686509013
450,potchefstroom,-26.7167,27.1,11.76,19,0,2.65,ZA,1686509013
451,batang,-6.4846,110.7083,25.52,81,93,2.66,ID,1686509013
452,malango,-2.9627,119.9001,18.9,98,99,0.8,ID,1686509013
453,ceelbuur,4.685,46.6176,26.76,61,97,10.07,SO,1686509013
454,ceerigaabo,10.6162,47.368,23.22,45,100,4.0,SO,1686509014
455,urangan,-25.3,152.9,17.92,84,2,3.09,AU,1686509014
456,la passe,45.5549,-0.8967,27.13,74,8,4.79,FR,1686509014
457,rice lake,45.5061,-91.7382,17.99,42,0,8.75,US,1686509014
458,boa vista,2.8197,-60.6733,31.99,58,40,3.09,BR,1686509014
459,kruisfontein,-34.0033,24.7314,11.6,75,100,0.76,ZA,1686509014
460,callao,-12.0667,-77.15,23.16,64,100,4.12,PE,1686509015
461,wucheng,29.6008,118.175,21.13,92,49,0.94,CN,1686509015
462,weno,7.4515,151.8468,26.97,89,75,2.06,FM,1686509015
463,harlan,41.653,-95.3255,18.03,81,100,5.31,US,1686509015
464,rabo de peixe,37.8,-25.5833,19.73,73,20,5.14,PT,1686509015
465,cabedelo,-6.9811,-34.8339,25.37,85,85,5.85,BR,1686509015
466,cacequi,-29.8836,-54.825,12.64,47,2,5.64,BR,1686509016
467,mapastepec,15.4333,-92.9,32.68,63,98,3.72,MX,1686509016
468,acapulco de juarez,16.8634,-99.8901,31.9,66,0,4.63,MX,1686509016
469,corvallis,44.5646,-123.262,21.24,65,0,4.63,US,1686509016
470,dig,27.4667,77.3333,36.15,29,0,2.62,IN,1686509016
471,padang,-0.9492,100.3543,25.03,87,49,1.2,ID,1686509016
472,mount pleasant,32.7941,-79.8626,30.08,71,0,4.12,US,1686509017
473,nouadhibou,20.931,-17.0347,26.99,54,6,7.2,MR,1686509017
474,muang xay,20.7,101.9833,21.32,98,82,0.59,LA,1686509017
475,mission,26.2159,-98.3253,34.98,61,75,7.2,US,1686509017
476,vila velha,-20.3297,-40.2925,29.97,63,20,5.14,BR,1686509017
477,sant antoni de portmany,38.9807,1.3036,25.21,71,0,2.06,ES,1686509017
478,alice springs,-23.7,133.8833,11.75,71,75,0.0,AU,1686508806
479,yangambi,0.8102,24.4336,24.13,72,48,1.07,CD,1686509018
480,hornell,42.3279,-77.6611,26.88,58,100,0.83,US,1686509018
481,koksan,38.7819,126.6664,13.52,91,10,1.55,KP,1686509018
482,myrina,39.8797,25.0742,20.58,73,0,2.57,GR,1686509018
483,kapshagay,43.8833,77.0833,23.2,27,100,2.87,KZ,1686509018
484,chachapoyas,-6.2317,-77.869,17.59,81,76,0.94,PE,1686509018
485,zilair,52.2332,57.4392,14.49,91,88,4.81,RU,1686509019
486,khenifra,32.9333,-5.6667,25.72,46,51,4.73,MA,1686509019
487,nouna,12.7333,-3.8667,31.1,45,20,3.11,BF,1686509019
488,peniche,39.3558,-9.3811,22.27,87,100,3.33,PT,1686508784
489,tomah,43.9786,-90.504,12.73,67,100,3.09,US,1686509019
490,poplar bluff,36.757,-90.3929,27.88,73,100,5.14,US,1686509019
491,ambon,-3.6954,128.1814,27.15,42,40,2.06,ID,1686509019
492,waingapu,-9.6567,120.2641,24.06,90,100,4.6,ID,1686509020
493,piti village,13.4626,144.6933,27.49,93,20,2.57,GU,1686509020
494,aras-asan,8.8908,126.3033,25.3,89,54,2.8,PH,1686509020
495,souillac,-20.5167,57.5167,24.21,83,20,3.09,MU,1686509020
496,qrendi,35.8347,14.4583,22.84,83,20,6.17,MT,1686509020
497,kahriz,34.3838,47.0553,25.04,22,0,3.09,IR,1686509020
498,maymana,35.9214,64.7836,26.51,29,0,1.49,AF,1686509021
499,polyarnyy,69.1989,33.4478,15.81,49,94,4.47,RU,1686509021
500,minot,48.2325,-101.2963,22.23,28,0,1.54,US,1686508862
501,balkanabat,39.5108,54.3671,28.67,38,96,4.16,TM,1686509021
502,inari,68.906,27.0288,21.11,43,100,3.92,FI,1686509021
503,pokachi,61.7198,75.3683,6.39,84,7,3.83,RU,1686509021
504,ambodifotatra,-16.9833,49.85,24.4,77,19,1.15,MG,1686509021
505,severo-yeniseyskiy,60.3725,93.0408,4.31,72,0,1.87,RU,1686509022
506,ovalle,-30.5983,-71.2003,17.08,47,93,1.44,CL,1686509022
507,rabigh,22.7986,39.0349,31.83,40,76,2.88,SA,1686509022
508,cobija,-11.0267,-68.7692,29.43,67,82,1.21,BO,1686509022
509,spodnje hoce,46.5,15.65,19.91,76,75,2.57,SI,1686509022
510,jeddah,21.5169,39.2192,35.92,28,0,3.09,SA,1686508953
511,fuji,35.1667,138.6833,21.09,96,100,1.01,JP,1686509023
512,la ronge,55.1001,-105.2842,25.14,44,0,4.63,CA,1686509023
513,port moresby,-9.4431,147.1797,24.68,88,75,1.54,PG,1686508791
514,cururupu,-1.8283,-44.8683,28.32,74,17,3.01,BR,1686509014
515,san luis de la loma,17.2706,-100.8939,32.26,57,6,3.86,MX,1686509024
516,saint-joseph,-21.3667,55.6167,21.21,80,18,2.74,RE,1686509024
517,hami,42.8,93.45,31.56,14,0,3.58,CN,1686509024
518,isiolo,0.3546,37.5822,22.19,55,84,5.32,KE,1686509024
519,konduga,11.6558,13.4213,31.24,46,52,1.49,NG,1686509024
520,remire-montjoly,4.9167,-52.2667,26.02,89,75,3.09,GF,1686509025
521,witu,-2.3889,40.4382,26.09,88,100,3.72,KE,1686509025
522,tamandare,-8.7597,-35.1047,26.07,81,12,3.51,BR,1686509025
523,bafoulabe,13.8065,-10.8321,39.71,15,95,1.05,ML,1686509025
524,pirallahi,40.4723,50.333,25.08,75,91,3.36,AZ,1686509025
525,aleksandrovskoye,44.7142,43.0008,19.98,72,100,1.22,RU,1686509025
526,codrington,-38.2667,141.9667,8.41,78,99,5.15,AU,1686509025
527,magadan,59.5667,150.8,7.43,96,98,1.64,RU,1686509026
528,bardai,11.65,7.2333,27.64,58,76,2.72,NG,1686509026
529,novo aripuana,-5.1206,-60.3797,29.55,74,82,1.33,BR,1686509026
530,cabinda,-5.55,12.2,25.08,88,100,3.09,AO,1686509026
531,sodankyla,67.4167,26.6,16.67,49,100,5.71,FI,1686509026
532,ciudad acuna,29.3232,-100.9522,31.32,66,100,4.63,MX,1686509026
533,xilin hot,43.9667,116.0333,10.87,72,37,1.78,CN,1686509027
534,zemio,5.0314,25.1361,20.86,98,100,2.94,CF,1686509028
535,khandyga,62.6667,135.6,14.1,74,100,2.29,RU,1686509028
536,cuito,-12.3833,16.9333,15.35,40,60,0.72,AO,1686509028
537,jining,35.405,116.5814,21.23,62,47,4.23,CN,1686509028
538,naifaru,5.4444,73.3657,28.54,80,18,7.01,MV,1686509029
539,merizo village,13.2658,144.6691,27.31,82,82,6.2,GU,1686509029
540,saint croix,17.7397,-64.7388,31.25,72,0,8.75,VI,1686508841
541,xining,36.6167,101.7667,11.04,83,97,1.11,CN,1686508756
542,brak,27.5496,14.2714,36.61,14,35,3.36,LY,1686509029
543,jalai nur,49.45,117.7,15.18,67,23,2.16,CN,1686509030
544,bel ombre,-4.6167,55.4167,26.91,83,40,6.17,SC,1686509030
545,gamba,-2.65,10.0,23.31,91,83,2.78,GA,1686509030
546,san jose del guaviare,2.5729,-72.6459,31.84,54,61,1.96,CO,1686509030
547,miranda de ebro,42.6865,-2.947,20.31,87,100,1.85,ES,1686509031
548,feijo,-8.1642,-70.3536,28.49,81,40,1.07,BR,1686509031
549,dubbo,-32.25,148.6167,4.07,93,100,4.12,AU,1686509031
550,labytnangi,66.6572,66.4183,3.93,86,100,5.23,RU,1686509031
551,secunda,-26.55,29.1667,11.29,64,0,1.34,ZA,1686509032
552,ichnya,50.8626,32.3942,11.26,82,100,6.9,UA,1686509032
553,kayangel,8.0823,134.7173,28.81,78,64,5.58,PW,1686509032
554,sanctuary point,-35.1114,150.629,7.4,75,21,2.41,AU,1686509032
555,kenai,60.5544,-151.2583,11.19,61,100,7.72,US,1686509032
556,bucerias,20.75,-105.3333,30.99,55,0,3.6,MX,1686509032
557,lhokseumawe,5.1801,97.1507,25.83,86,100,1.43,ID,1686509033
558,kiunga,-6.1219,141.2906,23.05,100,99,0.91,PG,1686509033
559,fruitland,38.3221,-75.6202,31.1,41,0,6.69,US,1686509033
560,tabuk,17.4189,121.4443,24.65,84,100,0.78,PH,1686509033
561,montrose,38.4166,-108.2673,21.67,21,100,1.43,US,1686508951
